{
    "lower_limit": 13.674999999999994,
    "upper_limit": 47.31500000000001
}